{
 "ours_30000": {
  "SSIM": 0.9438257217407227,
  "PSNR": 32.36244201660156,
  "LPIPS": 0.1934925764799118
 }
}