{
 "ours_30000": {
  "SSIM": 0.8250657916069031,
  "PSNR": 22.0958194732666,
  "LPIPS": 0.17994876205921173
 }
}