{
 "ours_30000": {
  "SSIM": 0.8939815759658813,
  "PSNR": 29.268159866333008,
  "LPIPS": 0.14904606342315674
 }
}