{
 "ours_30000": {
  "SSIM": 0.9118329286575317,
  "PSNR": 29.126310348510742,
  "LPIPS": 0.18482176959514618
 }
}