{
 "ours_30000": {
  "SSIM": 0.9200616478919983,
  "PSNR": 31.51121711730957,
  "LPIPS": 0.21183879673480988
 }
}