{
 "ours_30000": {
  "SSIM": 0.9070311188697815,
  "PSNR": 25.063146591186523,
  "LPIPS": 0.11600510776042938
 }
}