{
 "ours_30000": {
  "SSIM": 0.907496988773346,
  "PSNR": 26.05913734436035,
  "LPIPS": 0.10919789224863052
 }
}