{
 "ours_30000": {
  "SSIM": 0.9287426471710205,
  "PSNR": 31.61582374572754,
  "LPIPS": 0.11989961564540863
 }
}