{
 "ours_30000": {
  "SSIM": 0.8831748962402344,
  "PSNR": 25.47249412536621,
  "LPIPS": 0.12115029990673065
 }
}