{
 "ours_30000": {
  "SSIM": 0.9300950765609741,
  "PSNR": 29.1136474609375,
  "LPIPS": 0.10282818228006363
 }
}