{
 "ours_7000": {
  "SSIM": 0.7672693133354187,
  "PSNR": 25.326818466186523,
  "LPIPS": 0.24254459142684937
 }
}