{
 "ours_7000": {
  "SSIM": 0.603197455406189,
  "PSNR": 22.644296646118164,
  "LPIPS": 0.42619091272354126
 }
}