{
 "ours_30000": {
  "SSIM": 0.8514471054077148,
  "PSNR": 23.065784454345703,
  "LPIPS": 0.14362318813800812
 }
}