{
 "ours_30000": {
  "SSIM": 0.7665511965751648,
  "PSNR": 26.58350372314453,
  "LPIPS": 0.2785508930683136
 }
}