{
 "ours_30000": {
  "SSIM": 0.85627681016922,
  "PSNR": 24.749826431274414,
  "LPIPS": 0.16460683941841125
 }
}